<?xml version="1.0" encoding="utf-8"?>
<extension version="3.1" type="plugin" group="system">
    <name>JHackGuard Plugin</name>
    <author>Valeri Markov</author>
	<creationDate>Aug 2013</creationDate>
	<copyright>Copyright (C) 2013 SiteGround LLC. </copyright>
	<license>GNU General Public License version 2 or later; see LICENSE.txt</license>
	<authorEmail>val@jhackguard.com</authorEmail>
	<authorUrl>www.jhackguard.com</authorUrl>
	<version>2.2.3</version>
	<description></description>
	<files>
		<filename plugin="jhackguard">jhackguard.php</filename>
		<filename>index.html</filename>
		<filename>LICENSE.txt</filename>
	</files>
	<updateservers>
                <server type="extension" name="jHackGuard Plugin Updates">http://www.jhackguard.com/updates/plg_jhackguard.xml</server>
        </updateservers>
</extension>
