<?xml version="1.0" encoding="UTF-8" ?>
<extension type="package" version="3.0" method="upgrade">
 <name>jHackGuard - Component and Plugin installer</name>
 <author>Valeri Markov</author>
 <creationDate>Feb 2014</creationDate>
 <packagename>jhackguard</packagename>
 <version>2.2.3</version>
 <url>http://www.jhackguard.com/</url>
 <packager>Valeri Markov</packager>
 <packagerurl>http://www.jhackguard.com/</packagerurl>
 <description></description>
 <update>http://www.jhackguard.com/update</update>
 <files folder="packages">
   <file type="plugin" id="plg_jhackguard" group="system">plg_jhackguard.zip</file>
   <file type="component" id="com_jhackguard" >com_jhackguard.zip</file>
 </files>
</extension>
